2022/10/31,"

							陳妃婷水墨畫展 與麻雀對話(奇摩新聞)													
"
2022/10/31,"

							考選部認證揭牌中國科大 全台電腦試場座位數今突破八千席(觀傳媒)													
"
2022/10/28,"

							2022台灣創新技術博覽會 長榮大學獲發明競賽銀牌獎及企業特別獎(奇摩新聞)													
"
2022/10/27,"

							南部國考專技考生有福了　長榮大學國家考試電腦化測驗試場獲考選部認證揭牌(蕃新聞)															　[40] 

"
2022/10/27,"

							長榮大學獲考選部認證 國家考試電腦化測驗試場揭牌啟用(hinet生活誌)															　[41] 

"
2022/10/27,"

							長榮大學珍古德教育園區~蒲葵查加小屋 & 快速引火的黃荊(PeoPo 公民新聞)															　[35] 

"
2022/10/27,"

							國考認證合格電腦試場 許舒翔赴長榮及南台兩大學揭牌(觀傳媒)															　[35] 

"
2022/10/27,"

							推動國家考試電腦化 考選部認證逾7千座位數(大紀元)															　[35] 

"
2022/10/25,"

							KidWind風力能源亞洲聯賽揭曉 大贏家麗山高中北新國中															　[35] 

"
2022/10/25,"

							長榮大學應日系越夏迎新 體驗日本文化(新永安新聞)															　[44] 

"
2022/10/25,"

							追風逐能擁抱淨零 2022 KidWind風能亞洲聯賽 青年學子齊聚台南爭冠(蕃新聞)															　[31] 

"
2022/10/25,"

							追風逐能擁抱淨零 2022 KidWind風能亞洲聯賽 青年學子齊聚台南爭冠(hinet生活誌)															　[35] 

"
2022/10/25,"

							風力能源亞洲聯賽 逾300好手角逐(中華日報)															　[31] 

"
2022/10/25,"

							長榮大學攜社區在地永續 龜遊伴伴團隊進駐「六龜好集市」生態市集(經濟日報)													
"
2022/10/25,"

							2022 KidWind風力能源亞洲聯賽　麗山高中、北新國中是競賽大贏家(台灣好新聞)													
"
2022/10/25,"

							羅開影音-翁耀臨：高爾夫如同魔鏡，人品一覽無遺(奇摩新聞)													
"
2022/10/25,"

							風力能源亞洲聯賽 逾300好手角逐(linetoday)													
"
2022/10/25,"

							南台、長榮國考電腦試場揭牌(中華日報)													
"
2022/10/25,"

							南台、長榮國考電腦試場揭牌(奇摩新聞)													
"
2022/10/25,"

							考選部認證 長大國考電腦化測驗試場揭牌-新永安新聞(新永安新聞)													
"
2022/10/23,"

							周末來逛山村市集，六龜好集市開張囉!(波新聞)															　[42] 

"
2022/10/22,"

							長榮大學辦KidWind風力能源亞洲聯賽 青年學子齊聚爭冠(聯合報)															　[33] 

"
2022/10/22,"

							2022 KidWind風力能源亞洲聯賽 學生相聚台南爭冠、推廣淨零(經濟日報)															　[32] 

"
2022/10/22,"

							2022 KidWind風力能源亞洲聯賽　300多位青年學子參賽(台灣好新聞)													
"
2022/10/20,"

							全國食安青年軍食安宣導媒體製作比賽 長榮大學食安學程獲得雙亞軍(yahoo新聞)															　[53] 

"
2022/10/20,"

							臺南郵到長榮大學辦校園講座(蕃新聞)															　[41] 

"
2022/10/20,"

							臺南郵局與長榮大學合辦「金融暨保險知識」校園講座(蕃新聞)															　[32] 

"
2022/10/20,"

							臺南郵局與長榮大學合辦「金融暨保險知識」校園講座(hinet生活誌)															　[44] 

"
2022/10/20,"

							200位新創尖兵齊聚！大台南創新創業協會與長榮大學拚產學多贏(天下雜誌)															　[37] 

"
2022/10/20,"

							翁耀臨：高爾夫如同魔鏡，人品一覽無遺(羅開影音)													
"
2022/10/19,"

							翁耀臨：高爾夫如同魔鏡，人品一覽無遺(台灣青少年高球網)													
"
2022/10/19,"

							高爾夫》翁耀臨：高爾夫如同魔鏡，人品一覽無遺(yahoo!運動)															　[30] 

"
2022/10/18,"

							高爾夫》長榮大學與南一球場產學合作，開設高爾夫社交課程(yahoo運動)															　[45] 

"
2022/10/18,"

							羅開影音-長榮大學與南一球場產學合作，開設高爾夫社交課程(羅開高爾夫頻道影音節目)															　[31] 

"
2022/10/18,"

							長榮大學與南一球場產學合作，開設高爾夫社交課程(台灣青少年高球網)													
"
2022/10/18,"

							羅開影音-長榮大學與南一球場產學合作，開設高爾夫社交課程(yahoo運動影音)													
"
2022/10/18,"

							第二屆台灣尤努斯創新獎 枝多少、無礙玩家分組冠軍(hinet生活誌)													
"
2022/10/18,"

							打造友善職場 中市府職安論壇200名產官學者探討安全工作環境(hinet生活誌)													
"
2022/10/17,"

							強化會展職場實作力　國貿局舉辦新南向會展體驗營參與學生收穫滿滿(蕃新聞)															　[49] 

"
2022/10/17,"

							企業橄欖球聯賽臺體大開打　盼重現亞運奪牌榮光															　[40] 

"
2022/10/17,"

							舉重亞錦賽》棒！台灣力士陳柏任96公斤3破全國 拿下2銀1銅(自由時報)															　[35] 

"
2022/10/17,"

							橄欖球企業聯賽開打 七支球隊參與邁入新時代(民視新聞網)													
"
2022/10/15,"

							2022台灣創新技術博覽會　長榮大學3項發明參賽展現研發成果(台灣好新聞）															　[38] 

"
2022/10/14,"

							增進台美學術交流　美國喬治亞州多拉維爾市代表參訪長榮大學(台灣好新聞)															　[38] 

"
2022/10/12,"

							以行動保護家園 長榮大學辦理Zero Waste交流體驗講座(HiNet生活誌 - 中華電信)															　[56] 

"
2022/10/12,"

							以行動保護家園 長榮大學辦理Zero Waste交流體驗講座(奇摩新聞)															　[45] 

"
2022/10/12,"

							舊營區從廢墟中活化！ 燕巢綠色創生跨界連結 橫山藝術祭展成果(奇摩新聞)															　[64] 

"
2022/10/05,"

							2022砂拉越美術大賽台灣長榮大學盃 一、二等獎入學後可免學雜費及住宿費(奇摩新聞)															　[100] 

"
2022/10/05,"

							新化郡役所復刻 變雷雕禮盒(中華日報)															　[74] 

"
2022/10/05,"

							房價所得比攀升 全國平均不吃不喝9年才能買房(HINET生活誌)															　[83] 

"
2022/10/04,"

							南市大台南創新創業協會與長榮大學簽署合作備忘錄(奇摩新聞)															　[74] 

"
2022/10/03,"

							創新創業協會與長榮大學產學合作簽署備忘錄及企業聯展(蕃新聞)															　[83] 

"
2022/10/03,"

							這門課不是給「企二代」洗學歷 90歲董座：看懂經濟 飛出去打敗共產黨(自由時報)															　[85] 

"
2022/10/03,"

							強化產學實務交流 長榮大學與創新創業協會簽署合作備忘錄(奇摩新聞)															　[90] 

"
2022/10/03,"

							創新創業協會與長榮大學產學合作簽署備忘錄及企業聯展(大成報)															　[83] 

"
2022/10/03,"

							長榮大學聯合大台南創新創業協會 簽署備忘錄共創產學雙贏(中央社)															　[64] 

"
2022/10/03,"

							小花蔓澤蘭威脅公園生態 長榮大學師生與民眾聯手清除200餘公斤(奇摩新聞)													
"
2022/10/03,"

							第2季住宅價格指數創歷史新高 高雄漲幅居六都之冠(公視新聞網)															　[43] 

"
2022/10/02,"

							第15屆崇越論文大賞 長榮大學李韻儒獲特優獎蔡英文總統頒獎表揚(hinet生活誌)															　[64] 

"
2022/10/02,"

							長榮大學攜手大台南創新創業協會 簽MOU共創產學雙贏(經濟日報)															　[38] 

"
2022/10/02,"

							雷雕復刻新化郡役所 禮盒兼教具凝聚社區認同(自由時報)															　[65] 

"
2022/10/02,"

							強化產學實務交流　長榮大學與創新創業協會簽署合作備忘錄(台灣好新聞)													
"
2022/09/30,"

							崇越論文大賞 蔡總統表揚5位特優獎得主(經濟日報)															　[69] 

"
2022/09/29,"

							長榮大學辦地球降溫行動書展 學生參與踴躍(奇摩新聞)															　[60] 

"
2022/09/29,"

							前美國國務卿龐皮歐到訪台南 與在地企業對話深化台美合作(奇摩新聞)															　[68] 

"
2022/09/28,"

							開放境外生入境學習長榮大學辦歡迎會迎接第一批交換生(Yahoo奇摩新聞)															　[79] 

"
2022/09/28,"

							開放境外生入境學習長榮大學辦歡迎會迎接第一批交換生(HiNet生活誌)															　[62] 

"
2022/09/28,"

							開放境外生入境學習長榮大學辦歡迎會迎接第一批交換生 (蕃新聞)															　[71] 

"
2022/09/28,"

							長榮大學ISE Talks國際社企節 論壇聚焦循環經濟、淨零永續與創新(經濟日報)															　[36] 

"
2022/09/26,"

							83歲莊萬壽新書座談 喊「會陪台灣繼續走下去」(奇摩新聞)															　[66] 

"
2022/09/26,"

							認識原住民文化 長榮大學10位國際生探索台灣民族文化(hinet生活誌)															　[76] 

"
2022/09/26,"

							認識原住民文化　長榮大學10位國際生探索台灣民族文化(台灣好新聞)															　[53] 

"
2022/09/26,"

							祈願疫情早日遠離　長榮大學舉辦越夏迎新日本文化體驗活動(台灣好新聞)															　[46] 

"
2022/09/26,"

							社會處培力 指導撰寫社區活動計畫(金門日報）															　[50] 

"
2022/09/22,"

							長榮大學簽署塑膠製品人才備忘錄(中華日報)															　[86] 

"
2022/09/22,"

							協助產業數位轉型與人才培育 長榮大學與塑膠製品公會簽合作備忘錄(奇摩新聞)															　[77] 

"
2022/09/22,"

							國家防災日 長榮大學配合實施避難訓練(新永安新聞)															　[58] 

"
2022/09/22,"

							921國家防災日　長榮大學舉辦防災避難演練過程逼真(台灣好新聞)															　[64] 

"
2022/09/22,"

							921國家防災日 長榮大學舉辦防災避難演練過程逼真(奇摩新聞)															　[56] 

"
2022/09/21,"

							協助產業數位轉型與人才培育 長榮大學與塑膠製品公會簽合作備忘錄(台灣好新聞)															　[58] 

"
2022/09/21,"

							長榮大學產學攜手塑膠製品工業同業公會 提升企業綠色創新競爭力(TNN台灣地方新聞網)															　[45] 

"
2022/09/21,"

							長榮大學產學攜手塑膠製品工業同業公會 提升企業綠色創新競爭力(台灣民眾電子報)															　[40] 

"
2022/09/21,"

							長榮大學.塑膠公會強強聯手 培育優質人才(新永安新聞)															　[60] 

"
2022/09/21,"

							長榮大學攜台灣塑膠製品工業同業公會 助企業提升綠色創新競爭力(經濟日報)															　[56] 

"
2022/09/20,"

							〈校園廣角鏡〉長大×IKEA 學生餐廳大變身(中華日報)															　[82] 

"
2022/09/20,"

							〈校園廣角鏡〉長大×IKEA 學生餐廳大變身(LINE TODAY)															　[52] 

"
2022/09/20,"

							強化國際移動力　長榮大學國際處舉辦2022國際英語體驗營(台灣好新聞)															　[55] 

"
2022/09/20,"

							長大會資系校友鄭力維引薦大和建設 提供奬學金學弟妹受益(經濟日報)															　[64] 

"
2022/09/20,"

							強化國際移動力 長榮大學國際處舉辦2022國際英語體驗營(奇摩新聞)															　[50] 

"
2022/09/20,"

							強化國際移動力長榮大學國際處舉辦2022國際英語體驗營(HiNet生活誌)													
"
2022/09/19,"

							強化國際交流增廣見聞　長榮大學師生赴日參與共交通運輸主題研習營活動(台灣好新聞)															　[48] 

"
2022/09/19,"

							強化國際交流增廣見聞 長榮大學師生赴日參與共交通運輸主題研習營活動(奇摩新聞)															　[53] 

"
2022/09/19,"

							強化國際交流增廣見聞　長榮大學師生赴日參與共交通運輸主題研習營活動(蕃新聞)															　[48] 

"
2022/09/19,"

							產學業精英齊赴佳里榮家 研討資源連結及推廣長照服務量能(蕃新聞)															　[52] 

"
2022/09/19,"

							南消辦消防職人體驗活動 千餘名學生體驗「一日消防」(中華日報)															　[46] 

"
2022/09/15,"

							破古金水紀錄 王晨佑全大運十項全能摘金(中華日報)															　[70] 

"
2022/09/15,"

							科技健腦助長輩延緩老化 長榮大學團隊在龍崎辦高齡健康促進活動獲好評(奇摩新聞)															　[65] 

"
2022/09/15,"

							長榮大學疫情後久別重逢馬來西亞 參與多元活動增進情誼(Hinet生活誌)															　[64] 

"
2022/09/14,"

							科技健腦助長輩延緩老化　長榮大學團隊在龍崎辦高齡健康促進活動獲好評(蕃新聞)															　[94] 

"
2022/09/12,"

							全球重視韌性供應鏈 長榮大學博士班邀藝群醫美總裁王正坤醫師授課(經濟日報)															　[136] 

"
2022/09/12,"

							台電水墨畫家李升茂 返鄉辦個展(中華日報)															　[117] 

"
2022/09/12,"

							提供豐富學習資源　長榮大學圖書館辦開學系列活動迎新(台灣好新聞)															　[73] 

"
2022/09/12,"

							提供豐富學習資源 長榮大學圖書館辦開學系列活動迎新(奇摩新聞)															　[87] 

"
2022/09/10,"

							強化彼此交流 長榮大學在馬來西亞辦國際咖啡工作坊暨TITO Coffee品牌發表會(奇摩新聞)															　[77] 

"
2022/09/10,"

							全球重視韌性供應鏈　長榮大學博士班邀請王正坤醫師開課指導(蕃新聞)															　[132] 

"
2022/09/10,"

							疫情、戰爭衝擊全球 藝群總裁王正坤分享韌性供應鏈模式(中華日報)															　[77] 

"
2022/09/08,"

							長榮大學攜手 IKEA 打造媲美咖啡廳的學生餐廳　校友直呼：準備好回學餐談戀愛了嗎？(上報)															　[146] 

"
2022/09/08,"

							強化彼此交流　長榮大學在馬來西亞辦國際咖啡工作坊暨TITO Coffee品牌發表會(台灣好新聞)															　[80] 

"
2022/09/07,"

							長榮大學國際隊打造海廢藝術牆　變身小琉球打卡新景點(台灣好新聞)															　[118] 

"
2022/09/07,"

							社區SDGs行動派論壇 高市府社會局引領社區實踐永續在地照顧(台灣新生報)															　[92] 

"
2022/09/05,"

							助新生認識學習和生活環境　長榮大學辦新生定向輔導活動(台灣好新聞)															　[115] 

"
2022/09/05,"

							助新生認識學習和生活環境 長榮大學辦新生定向輔導活動(奇摩新聞)															　[86] 

"
2022/09/05,"

							助新生認識學習和生活環境　長榮大學辦新生定向輔導活動(蕃新聞)															　[96] 

"
2022/09/05,"

							一杯咖啡助少數民族改善生活 大馬教會連結台灣長榮大學打造兩跨國咖啡品牌( 基督教論壇報)															　[91] 

"
2022/09/05,"

							吃飯不一般 長榮大學打造多功能時尚餐廳（新永安電視台）															　[73] 

"
2022/09/02,"

							我也要這樣的學餐！　IKEA改造長榮大「網敲碗瑞典餐廳進駐」校方回應了(鏡周刊)															　[120] 

"
2022/09/02,"

							夢想中的學餐也好想要！ 長榮大改造「IKEA時尚風」學生餐廳 網加碼敲碗IKEA瑞典餐廳進駐(聯合新聞網)															　[71] 

"
2022/09/01,"

							創新領航人性治理，打造臺南智慧科技城(財訊)															　[97] 

"
2022/08/31,"

							咖啡喝出社会责任 . TITO Coffee正式推介(星洲網)															　[85] 

"
2022/08/31,"

							2022 Autodesk創意設計競賽　長榮大學榮獲1金1銀4佳作表現優異(理財周刊)															　[56] 

"
2022/08/31,"

							2022 Autodesk創意設計競賽　長榮大學榮獲1金1銀4佳作表現優異(台灣好新聞)															　[54] 

"
2022/08/30,"

							從學生角度設計　長榮大學結合IKEA打造具時尚風學生餐廳(蕃新聞)															　[92] 

"
2022/08/30,"

							從學生角度設計 長榮大學結合IKEA打造具時尚風學生餐廳(奇摩新聞)															　[72] 

"
2022/08/29,"

							從學生角度設計　長榮大學結合IKEA打造具時尚風學生餐廳(台灣好新聞)															　[82] 

"
2022/08/29,"

							長榮大學3D動畫競賽穿金戴銀 獲1金1銀4佳作 得獎全年無休為全國最大贏家(HINET生活誌)															　[65] 

"
2022/08/29,"

							知名3D動畫競賽 長榮大學成果佳1金1銀4佳作(聯合報)															　[65] 

"
2022/08/29,"

							Autodesk設計賽 長大稱霸數媒動畫(中華日報)															　[79] 

"
2022/08/28,"

							眼界提高往山頂走 長榮大學辦ISO 50001能源管理系統驗證說明會(奇摩新聞)															　[109] 

"
2022/08/28,"

							眼界提高往山頂走　長榮大學辦ISO 50001能源管理系統驗證說明會(台灣好新聞)															　[59] 

"
2022/08/28,"

							學生餐廳拿~麼美麗 長榮大學與IKEA聯手打造時尚風永續生活場域(TNN台灣地方新聞)															　[72] 

"
2022/08/28,"

							眼界提高往山頂走 長榮大學辦ISO 50001能源管理系統驗證說明會(hinet生活誌)															　[66] 

"
2022/08/28,"

							高壓迴流等3種天氣擴散差 空污紅警天數最多(聯合新聞網)															　[91] 

"
2022/08/26,"

							學生餐廳拿~麼美麗！？長榮大學與IKEA聯手打造時尚風永續生活場域(蕃新聞)															　[89] 

"
2022/08/25,"

							馬來西亞台灣高等教育展　長榮大學贈貸學金助學子來台圓夢(台灣好新聞)															　[60] 

"
2022/08/25,"

							因應少子化風暴 長榮大學超前部署克服挑戰(奇摩新聞)															　[85] 

"
2022/08/25,"

							馬來西亞台灣高等教育展 長榮大學贈貸學金助學子來台圓夢(奇摩新聞)															　[122] 

"
2022/08/25,"

							Canon關心氣候變遷議題 支持長榮大學國際生Nickson Emanuel和Barnaba Buhombe探索南極(Zeek玩家誌)															　[50] 

"
2022/08/25,"

							教育人員努力防疫 黃偉哲感謝(自由時報)															　[66] 

"
2022/08/25,"

							南市府危老重建輔導團 危老重建好幫手(奇摩新聞)													
"
2022/08/25,"

							你不知道的危老重建大利多！房屋稅最多可減半12年(好房網News)													
"
2022/08/23,"

							因應少子化風暴　長榮大學超前部署克服挑戰(台灣好新聞)															　[114] 

"
2022/08/23,"

							黃偉哲肯定防疫成果、教育績效(中華日報)															　[93] 

"
2022/08/23,"

							台南高中職國中小各項評比表現佳 黃偉哲代表市民感謝(聯合報)															　[78] 

"
2022/08/23,"

							高中職國中小校長會議 黃偉哲期許新學年更上一層樓(hinet生活誌)															　[65] 

"
2022/08/23,"

							感謝南市教育人員協助防疫 黃偉哲：避免可能潛在的「恩恩案」(自由時報)															　[88] 

"
2022/08/22,"

							水環境巡守隊20年　環保署辦討論會經驗交流(台灣好新聞)															　[85] 

"
2022/08/20,"

							長榮6國際生獲獎學金留台深造(中華日報)															　[80] 

"
2022/08/20,"

							水環境巡守隊20年 環保署辦討論會經驗交流(奇摩新聞)															　[82] 

"
2022/08/19,"

							加速數位轉型　長榮大學邀奇美醫院副院長分享推動成果(台灣好新聞)															　[92] 

"
2022/08/19,"

							加速數位轉型長榮大學邀奇美醫院副院長分享推動成果(奇摩新聞)															　[107] 

"
2022/08/19,"

							長榮大學永續發展國際學程 6位畢業生獲獎學金留台深造(經濟日報)															　[78] 

"
2022/08/19,"

							長榮大學6國際畢業生獲教育部國合會獎學金續留台深造(聯合新聞網)															　[64] 

"
2022/08/17,"

							馬來西亞2022年台灣高等教育展　長榮大學組隊參加並訪夥伴高中(台灣好新聞)															　[108] 

"
2022/08/17,"

							長榮大學 淨零永續(中華日報)															　[85] 

"
2022/08/17,"

							馬來西亞2022年台灣高等教育展 長榮大學組隊參加並訪夥伴高中(奇摩新聞)															　[98] 

"
2022/08/17,"

							馬來西亞2022年台灣高等教育展 長榮大學組隊參加並訪夥伴高中(Hinet生活誌)															　[85] 

"
2022/08/17,"

							增進服務知能 兒少關懷協會辦志工培訓(金門日報)															　[51] 

"
2022/08/17,"

							長榮大學無懼少子化風暴 超前部署淨零永續 前瞻佈局精緻辦學(TNN台灣地方新聞)															　[70] 

"
2022/08/16,"

							挑戰少子化 長榮大學發佈「超前部署...無懼風暴」宣言(聯合報)															　[71] 

"
2022/08/16,"

							長榮大學超前部署淨零永續 聚焦產學接軌國際(經濟日報)															　[112] 

"
2022/08/16,"

							無懼少子化風暴 長榮大學超前部署淨零永續 前瞻佈局精緻辦學(Hinet生活誌)															　[59] 

"
2022/08/15,"

							提升學生證照考取率 長榮大學辦食品檢驗分析技術士術科輔導班(奇摩新聞)															　[96] 

"
2022/08/15,"

							提升學生證照考取率 長榮大學辦食品檢驗分析技術士術科輔導班(HiNet生活誌)															　[94] 

"
2022/08/12,"

							提升學生證照考取率　長榮大學辦食品檢驗分析技術士術科輔導班(台灣好新聞)															　[100] 

"
2022/08/11,"

							因應2050淨零碳排　長榮大學辦ISO14064淨零人才培訓(台灣好新聞)															　[107] 

"
2022/08/11,"

							110全運會 帆船隊奪６金４銀５銅(奇摩新聞)															　[119] 

"
2022/08/10,"

							ISO14064淨零人才培力計畫第二階段開訓！長榮大學精進溫室氣體排放管理(經濟日報)															　[108] 

"
2022/08/10,"

							認識台灣文化之美　長榮大學辦線上國際夏令營12國學員參加(台灣好新聞)															　[87] 

"
2022/08/10,"

							認識台灣文化之美 長榮大學辦線上國際夏令營12國學員參加(奇摩新聞)															　[94] 

"
2022/08/10,"

							認識台灣文化之美　長榮大學辦線上國際夏令營12國學員參加(蕃新聞)															　[75] 

"
2022/08/09,"

							探討氣候變遷環境調適 教育部辦生態城鄉跨校交流工作坊(奇摩新聞)															　[97] 

"
2022/08/09,"

							探討氣候變遷環境調適　教育部辦生態城鄉跨校交流工作坊(台灣好新聞)															　[76] 

"
2022/08/08,"

							多元彈性學習探索興趣　長榮大學辦新生與高中生互動快閃工作坊(蕃新聞)															　[79] 

"
2022/08/08,"

							多元彈性學習探索興趣 長榮大學辦新生與高中生互動快閃工作坊(奇摩新聞)															　[100] 

"
2022/08/08,"

							長榮大學EMBA 陶冶學生身心 8/6前進《時光の手箱》(經濟日報)															　[79] 

"
2022/08/05,"

							守護海龜棲地　長榮大學團隊駐守小琉球淨灘及海龜生態調查(台灣好新聞)															　[92] 

"
2022/08/05,"

							守護海龜棲地 長榮大學團隊駐守小琉球淨灘及海龜生態調查(奇摩新聞)															　[92] 

"
2022/08/05,"

							守護海龜棲地　長榮大學團隊駐守小琉球淨灘及海龜生態調查(蕃新聞)															　[113] 

"
2022/08/05,"

							守護海龜棲地　長榮大學團隊駐守小琉球淨灘及海龜生態調查(理財周刊)															　[106] 

"
2022/08/02,"

							建構校園安全防護網 長榮大學結合警消及社區召開校安會議(奇摩新聞)															　[128] 

"
2022/08/01,"

							盧彥勳自傳 生於奮鬥發表(奇摩新聞)															　[166] 

"
2022/08/01,"

							「不凡巴克禮．永續東區ESG」榮獲臺灣城鎮品牌獎-形象設計經營獎(勁報)															　[94] 

"
2022/08/01,"

							建構校園安全防護網　長榮大學結合警消及社區召開校安會議(台灣好新聞)															　[89] 

"
2022/08/01,"

							建構校園安全防護網 長榮大學結合警消及社區召開校安會議(HiNet生活誌)															　[90] 

"
2022/08/01,"

							建構校園安全防護網　長榮大學校園安全會議展現成果(蕃新聞)															　[55] 

"
2022/07/29,"

							強化根與芽計畫交流　長榮大學組團前往非洲分享經驗(台灣好新聞)															　[100] 

"
2022/07/29,"

							「不凡巴克禮．永續東區ESG」榮獲臺灣城鎮品牌獎-形象設計經營獎(HiNet生活誌)															　[90] 

"
2022/07/29,"

							新住民就業困境多 移民署提難點(奇摩新聞)															　[140] 

"
2022/07/29,"

							海洋保育跨域團隊 長榮大學協力守護台灣海龜棲地(蕃新聞)															　[65] 

"
2022/07/29,"

							長榮大學USR計畫將台灣經驗於非洲實踐(sina新浪新聞)															　[72] 

"
2022/07/28,"

							網壇一哥跨足文學 盧彥勳《生於奮鬥》 熱血書寫生命力(自由時報)															　[59] 

"
2022/07/26,"

							前文化局長醉心創作 田園花果油畫分享藝術正能量(聯合報)															　[66] 

"
2022/07/22,"

							虛擬浪潮來襲！VTuber超越真人直播主 新型「陪伴」娛樂大撈金(今日新聞NOWnews)															　[56] 

"
2022/07/22,"

							虛擬淘金熱／台灣VTuber產業剛起步　UMiLive盼做領頭羊(今日新聞NOWnews)															　[97] 

"
2022/07/22,"

							傳承西拉雅文化 部落夏令營連辦9年(自由時報)															　[108] 

"
2022/07/22,"

							遠離3C 台南西拉雅族吉貝耍部落夏令營開鑼(聯合報)															　[89] 

"
2022/07/22,"

							遠離3C 台南西拉雅族吉貝耍部落夏令營開鑼(聯合新聞網)															　[81] 

"
2022/07/21,"

							張國煒談虧80億：大膽跨過去！國境開放倒數，他們逆境練出新本事(商業週刊)															　[82] 

"
2022/07/21,"

							協助認識新學習環境　長榮大學將辦5場李校長與你有約新生說明會(台灣好新聞)															　[53] 

"
2022/07/21,"

							強化與非洲交流 長榮大學邀請外交部總領事劉經巖分享駐外經驗(奇摩新聞)															　[87] 

"
2022/07/21,"

							強化與非洲交流　長榮大學邀請外交部總領事劉經巖分享駐外經驗(新浪新聞)															　[43] 

"
2022/07/21,"

							協助認識新學習環境 長榮大學將辦5場李校長與你有約新生說明會(奇摩新聞)															　[65] 

"
2022/07/18,"

							黃美賢田園花果油畫創作展 即日起至8/7於屏東美術館展出(奇摩新聞)															　[78] 

"
2022/07/18,"

							黃美賢田園花果油畫創作展　即日起至8/7於屏東美術館展出(蕃新聞)															　[42] 

"
2022/07/14,"

							「食對真健康 營養So Funny」臺南市2022暑期食育營長榮大學活力呈現(TNN台灣地方新聞)															　[45] 

"
2022/07/14,"

							培養學童正確飲食觀念 台南市府結合長榮大學辦暑期食育營活動(奇摩新聞)															　[121] 

"
2022/07/14,"

							長榮大學進修學士班申請入學 7/18起報名將招收232名(奇摩新聞)															　[110] 

"
2022/07/14,"

							長榮大學進修學士班申請入學　7/18起報名將招收232名(新浪新聞)															　[42] 

"
2022/07/14,"

							暑期食育營 扎根學童健康飲食(奇摩新聞)															　[36] 

"
2022/07/13,"

							培養學童正確飲食觀念　台南市府結合長榮大學辦暑期食育營活動(台灣好新聞)															　[36] 

"
2022/07/12,"

							第70屆南美展得獎名單公佈 長榮大學囊括國畫組前3名(奇摩新聞)															　[74] 

"
2022/07/12,"

							長榮大學首度跨足運動傳播領域 展開多元學習未來(PeoPo 公民新聞)															　[41] 

"
2022/07/12,"

							金門縣社會處開課，多媒體應用與行銷打造社區媒體力(PeoPo 公民新聞)															　[40] 

"
2022/07/11,"

							賀 長榮大學學生動畫比賽獲獎連連(hinet生活誌)															　[47] 

"
2022/07/11,"

							暑期食育營 體驗均衡吃顧健康(中華日報)															　[52] 

"
2022/07/11,"

							「食對真營養、營養so fun」臺南市2022暑期食育營活力登場(台南市政府)															　[33] 

"
2022/07/11,"

							長榮大學書畫藝術學系在第70屆「南美展」比賽中大放異彩(sina新浪新聞)															　[32] 

"
2022/07/11,"

							第70屆南美展得獎名單公佈　長榮大學囊括國畫組前3名(sina新浪新聞)															　[36] 

"
2022/07/11,"

							南市暑期食育營活力登場 帶領學童認識食材多樣性及培養惜食觀念(奇摩新聞)													
"
2022/07/11,"

							台南大潭社區環保站 太陽能發電.魚菜共生(奇摩新聞)													
"
2022/07/08,"

							長榮大學獲環保署環境教育設施場所認證 各界夥伴到場見證揭牌(sina新浪新聞)													
"
2022/07/06,"

							善盡大學社會責任 長榮大學7/6起辦理暑期國小雙語科學營活動(奇摩新聞)															　[54] 

"
2022/07/06,"

							長期推動環境教育有成　長榮大學環境教育場所獲環保署認證揭牌(台灣好新聞)															　[31] 

"
2022/07/05,"

							長榮大學獲環保署肯定 國際珍古德根與芽生態教育中心認證揭牌(經濟日報)															　[37] 

"
2022/07/04,"

							長榮大學轉學考報名至7/15　歡迎有志學子踴躍報考(台灣好新聞)															　[34] 

"
2022/07/04,"

							南市體育局掛牌 局長陳良乾：提高選手獎金留住人才(聯合報)															　[73] 

"
2022/07/04,"

							長榮大學轉學考報名至7/15　歡迎有志學子踴躍報考(蕃新聞)													
"
2022/07/04,"

							金門社區媒體力幹部研習開課(大成報)													
"
2022/07/04,"

							長榮大學轉學考報名至7/15 歡迎有志學子踴躍報考(奇摩新聞)															　[51] 

"
2022/06/30,"

							長榮大學攜手南美館推展藝術教育(中華日報)															　[34] 

"
2022/06/30,"

							推展全民美學藝術教育 長榮大學與臺南市美術館簽訂合作意向書(TNN數位台南地方新聞)													
"
2022/06/29,"

							南美館×長榮大學簽訂合作意向書 推展藝術教育(勁報)															　[35] 

"
2022/06/29,"

							南美館×長榮大學簽訂合作意向 推展藝術教育(新浪新聞)															　[39] 

"
2022/06/29,"

							蒜頭飯＋炸雞腿只要65元！台南長榮大學附近最強古早味，叫外送免排隊吃銅板美食(聯合報)															　[88] 

"
2022/06/29,"

							菲國友人榮任部長 台菲學術交流盼持續深化(奇摩新聞)															　[50] 

"
2022/06/28,"

							《台南區塊鏈產業國際博覽會》長榮大學資訊暨設計學院資訊工程系副教授龔志賢：台灣產業在未來數年間，需規劃打造產業共通層級的區塊鏈底層基礎設施！(KNOWING新聞)													
"
2022/06/28,"

							《台南區塊鏈產業國際博覽會》長榮大學資訊暨設計學院資訊工程系副教授龔志賢：台灣產業在未來數年間，需規劃打造產業共通層級的區塊鏈底層基礎設施！(鍶科技))													
"
2022/06/28,"

							《台南區塊鏈產業國際博覽會》長榮大學資訊暨設計學院資訊工程系副教授龔志賢：台灣產業在未來數年間，需規劃打造產業共通層級的區塊鏈底層基礎設施！(幣特財經)													
"
2022/06/28,"

							《台南區塊鏈產業國際博覽會》長榮大學資訊暨設計學院資訊工程系副教授龔志賢：台灣產業在未來數年間，需規劃打造產業共通層級的區塊鏈底層基礎設施！(LineToday)													
"
2022/06/28,"

							《台南區塊鏈產業國際博覽會》長榮大學資訊暨設計學院資訊工程系副教授龔志賢：台灣產業在未來數年間，需規劃打造產業共通層級的區塊鏈底層基礎設施！(PChome新聞)													
"
2022/06/28,"

							《台南區塊鏈產業國際博覽會》長榮大學資訊暨設計學院資訊工程系副教授龔志賢：台灣產業在未來數年間，需規劃打造產業共通層級的區塊鏈底層基礎設施！(Match生活網)													
"
2022/06/28,"

							《台南區塊鏈產業國際博覽會》長榮大學資訊暨設計學院資訊工程系副教授龔志賢：台灣產業在未來數年間，需規劃打造產業共通層級的區塊鏈底層基礎設施！(OwlNews)													
"
2022/06/28,"

							《台南區塊鏈產業國際博覽會》長榮大學資訊暨設計學院資訊工程系副教授龔志賢：台灣產業在未來數年間，需規劃打造產業共通層級的區塊鏈底層基礎設施！(新浪新聞)													
"
2022/06/28,"

							《台南區塊鏈產業國際博覽會》長榮大學資訊暨設計學院資訊工程系副教授龔志賢：台灣產業在未來數年間，需規劃打造產業共通層級的區塊鏈底層基礎設施！(新浪台灣)													
"
2022/06/28,"

							《台南區塊鏈產業國際博覽會》長榮大學資訊暨設計學院資訊工程系副教授龔志賢：台灣產業在未來數年間，需規劃打造產業共通層級的區塊鏈底層基礎設施！(品觀點)													
"
2022/06/28,"

							《台南區塊鏈產業國際博覽會》長榮大學校長李泳龍：透過區塊鏈技術，畢業生從今年起將可領取「實體＋虛擬」雙畢業證書！  (knowing.asia)													
"
2022/06/28,"

							展現文化古城豐富的美學藝術　長榮大學與南美館簽訂合作意向書(台灣好新聞)													
"
2022/06/28,"

							長榮大學與南市美術館簽約合作 推展全民美學藝術教育(聯合報)													
"
2022/06/27,"

							區塊鏈產業博覽會 首度台南舉辦(新唐人亞太台)													
"
2022/06/27,"

							點亮南臺灣 賴清德：區塊鏈加值地方特產 打造次世代經濟奇蹟(勁報)													
"
2022/06/27,"

							台南區塊鏈產業國際博覽會　加值地方特產打造次世代經濟奇蹟(台灣好新聞)													
"
2022/06/27,"

							台南區塊鏈產業國際博覽會登場(中華日報)													
"
2022/06/27,"

							推展全民美學藝術教育 長榮大學與臺南市美術館簽訂MOU(經濟日報)													
"
2022/06/25,"

							區塊鏈產業博覽會首度在台南舉行 賴清德：點亮南台灣雄心壯志(自由時報)															　[49] 

"
2022/06/25,"

							強化藝文交流 長榮大學與與日本玉川大學辦線上文創工藝交流展(奇摩新聞)													
"
2022/06/25,"

							強化藝文交流　長榮大學與與日本玉川大學辦線上文創工藝交流展(新浪新聞)													
"
2022/06/25,"

							黃偉哲出席台南區塊鏈國際博覽會 讚賞區塊鏈應用展現未來生活新潛力(市府新聞)													
"
2022/06/25,"

							台南區塊鏈國際博覽會　黃偉哲讚區塊鏈應用展現未來新潛力(ETtoday新聞雲)													
"
2022/06/25,"

							《台南區塊鏈產業國際博覽會》副總統賴清德：我們一定要善用科技讓城市進步、國家發展，這是台灣在國際競爭上必備的元素！(KNOWING新聞)													
"
2022/06/25,"

							《台南區塊鏈產業國際博覽會》全國商業總會理事長許舒博：商總需透過區塊鏈讓中小企業有更多的依循，進而促進產業創新發展(KNOWING新聞)													
"
2022/06/25,"

							《台南區塊鏈產業國際博覽會》台灣區塊鏈大聯盟總召集人陳美伶：期待台灣科技重鎮從南部開始，使其有望成為Web3.0的發展重鎮！(KNOWING新聞)													
"
2022/06/24,"

							南台灣效法美國邁阿密 台南區塊鏈產業國際博覽會6/24、6/25盛大舉辦(工商日報)													
"
2022/06/21,"

							代表台灣赴南極 長榮大學國際生號召青年重視氣候變遷議題(cheers快樂工作人)													
"
2022/06/20,"

							2022晶彩人生杞發創意競賽　長榮大學食安學程奪冠(台灣好新聞)															　[38] 

"
2022/06/20,"

							2022晶彩人生杞發創意競賽 長榮大學食安學程奪冠(奇摩新聞)													
"
2022/06/16,"

							台南市體育局7/1成立 陳良乾出任局長(自由時報)															　[99] 

"
2022/06/16,"

							疫情下明信片傳情　長榮大學辦我想說聲謝謝你書展獲回響(台灣好新聞)															　[44] 

"
2022/06/16,"

							體育局7/1正式成立 首任局長陳良乾(台灣好報)													
"
2022/06/16,"

							南市體育局7月成立陳良乾任局長 黃偉哲盼打造健康友善運動城市(新頭殼newtalk) 															　[34] 

"
2022/06/16,"

							台南市體育局7/1成立　陳良乾接首任局長(三立新聞網)															　[30] 

"
2022/06/16,"

							群創攜手12所大學校院 培育菁英人才(工商時報)													
"
2022/06/16,"

							疫情下明信片傳情 長榮大學辦我想說聲謝謝你書展獲回響(Hinet生活誌)													
"
2022/06/13,"

							長大畢典首頒數位證書 盧彥勳開講(奇摩新聞)													
"
2022/06/13,"

							長榮大學線上畢業典禮 網球之光盧彥勳用自身歷程勉勵學生(TNN數位台南地方新聞)													
"
2022/06/13,"

							長榮大學校長李泳龍，即將參與台南區塊鏈產業國際博覽會(KNOWING新聞)															　[45] 

"
2022/06/13,"

							長榮大學校長李泳龍，即將參與台南區塊鏈產業國際博覽會(鍶科技)															　[33] 

"
2022/06/13,"

							長榮大學校長李泳龍，即將參與台南區塊鏈產業國際博覽會(幣特財經)													
"
2022/06/13,"

							長榮大學校長李泳龍，即將參與台南區塊鏈產業國際博覽會(奇摩新聞)													
"
2022/06/13,"

							長榮大學校長李泳龍，即將參與台南區塊鏈產業國際博覽會(LineToday)													
"
2022/06/13,"

							長榮大學校長李泳龍，即將參與台南區塊鏈產業國際博覽會(PChome新聞)													
"
2022/06/13,"

							長榮大學校長李泳龍，即將參與台南區塊鏈產業國際博覽會(Match生活網)													
"
2022/06/13,"

							長榮大學校長李泳龍，即將參與台南區塊鏈產業國際博覽會(OwlNews)													
"
2022/06/13,"

							長榮大學校長李泳龍，即將參與台南區塊鏈產業國際博覽會(品觀點)													
"
2022/06/13,"

							長榮大學校長李泳龍，即將參與台南區塊鏈產業國際博覽會(新浪新聞)													
"
2022/06/13,"

							長榮大學校長李泳龍，即將參與台南區塊鏈產業國際博覽會(新浪台灣)													
"
2022/06/11,"

							最新QS世界大學排名出爐，台灣14所學府名列全球千大(新浪新聞)															　[31] 

"
2022/06/11,"

							最新QS世界大學排名出爐，台灣14所學府名列全球千大(威傳媒)															　[89] 

"
2022/06/11,"

							最新QS世界大學排名出爐，台灣14所學府名列全球千大(蕃新聞)													
"
2022/06/10,"

							ＱＳ世界大學排名 長榮大學進步200名(中華日報)															　[33] 

"
2022/06/10,"

							ＱＳ世界大學排名 長榮大學進步200名(奇摩新聞)													
"
2022/06/10,"

							長榮大學2023年QS世界大學排名大幅躍進200名 名列前57%!(蕃新聞)													
"
2022/06/09,"

							8旬兄助他鐵窗內求學 65歲收容人獄中讀大學連4年第1名(中時新聞網)															　[32] 

"
2022/06/09,"

							綁架名醫成為南監畢業老學士 國中以上學歷都是鐵窗苦讀取得(自由時報)															　[108] 

"
2022/06/09,"

							長榮大學2023QS大學排名進步200名 華麗轉身擠進前57%！(經濟日報)															　[73] 

"
2022/06/09,"

							2023年QS世界大學排名　長榮大學表現優異名列801-1000進步200名(台灣好新聞)															　[51] 

"
2022/06/09,"

							台南監獄線上畢業典禮 12名畢業生監禁中重拾書本喜獲重生(中華日報)															　[35] 

"
2022/06/09,"

							台南58名收容人 監獄中重拾課本今視訊畢業(聯合報)													
"
2022/06/09,"

							長榮大學2023年QS世界大學排名大幅躍進200名 名列前57%!(新浪新聞)													
"
2022/06/09,"

							2023年QS世界大學排名 長榮大學表現優異名列801-1000進步200名(奇摩新聞)													
"
2022/06/09,"

							長榮大學2023年QS世界大學排名大幅躍進200名 名列前57%!(大學問)													
"
2022/06/09,"

							長榮大學2023QS大學排名進步200名 華麗轉身擠進前57%！(聚財網)													
"
2022/06/08,"

							帶動六龜繁榮發展 長榮大學於池田屋舉辦故事遊戲展(奇摩新聞)													
"
2022/06/07,"

							助偏鄉長者快樂過生活 長榮大學青銀共好計畫獲好評(奇摩新聞)													
"
2022/06/06,"

							善盡大學社會責任 長榮大學輔導興旺烘焙獲經濟部特色產業補助(奇摩新聞)													
"
2022/06/06,"

							Canon支持《2041南極氣候變遷關注行動》提供攝影器材支援長榮大學國際生Nickson Emanuel和Barnaba Buhombe南極探索之旅(Zeek玩家誌)													
"
2022/06/06,"

							Canon 關心氣候變遷議題 支持青年領袖落實地球永續責任 以攝影器材支援長榮大學學生南極探索之旅 透過鏡頭真實記錄環境變化(canon)															　[41] 

"
2022/06/02,"

							房市飆漲 南市「打炒房不打房」(聯合報)															　[39] 

"
2022/05/30,"

							零碳轉型聯盟5/26正式啟動 首屆數位碳盤查就位(經濟日報)															　[70] 

"
2022/05/30,"

							落實珍古德精神 長榮大學根與芽生態中心通過環保署認證(奇摩新聞)													
"
2022/05/26,"

							台灣電影躍上國際舞台 長榮大學短片《小黃花》入選法國坎城影展(奇摩新聞)															　[43] 

"
2022/05/23,"

							田徑／超強！南市好手王晨佑打破古金水高懸36年十項全能紀錄(聯合報)															　[83] 

"
2022/05/23,"

							全大運十項破大會 王晨佑受表揚(奇摩新聞)															　[36] 

"
2022/05/23,"

							十項全能》王晨佑打破高懸36年紀錄 黃偉哲接見表揚(自由時報)															　[47] 

"
2022/05/23,"

							南市選手王晨佑打破高懸36年十項全能紀錄黃偉哲市長接見期許臺南運動盛世再現 (蕃新聞)															　[33] 

"
2022/05/23,"

							北影入圍短片闖坎城影展　銀獅獎導演捕捉父子愛恨情仇(TVBS新聞網)															　[55] 

"
2022/05/23,"

							小黃花-坎城市場展台灣館展出影片（中華民國文化部文策會選出）													
"
2022/05/23,"

							坎城影展『短片角落』單元-小黃花													
"
2022/05/23,"

							展現4年學習成果　長榮大學美術系畢展於高雄文化中心展出(新浪新聞)													
"
2022/05/20,"

							十項全能金牌選手王晨佑 黃偉哲頒獎表揚(奇摩新聞)															　[33] 

"
2022/05/20,"

							因應少子高齡化社會 長榮大學與日本元氣集團簽訂合作備忘錄(奇摩新聞)															　[43] 

"
2022/05/18,"

							研發香草製程 長榮大學獲專利(中華新聞雲)													
"
2022/05/18,"

							精釀發酵研發成果卓著　長榮大學獲得香草製程發明專利(台灣好新聞)															　[54] 

"
2022/05/18,"

							長榮大學精釀中心持續精進 獲香草製程發明專利(TNN數位台南地方新聞)													
"
2022/05/17,"

							長榮大學精釀中心投入研發 獲香草製程技術發明專利(聯合報)															　[87] 

"
2022/05/17,"

							長榮大學精釀中心香草製程 再獲發明專利(經濟日報)															　[38] 

"
2022/05/16,"

							特定化學物質作業 長榮大學觀摩(奇摩新聞)													
"
2022/05/14,"

							111全大運順利落幕 長榮大學奪8金1銀3銅歷年最佳(奇摩新聞）															　[37] 

"
2022/05/13,"

							展現藝術與文創能力 長榮大學美術系小品展展出209件作品(奇摩新聞)															　[67] 

"
2022/05/11,"

							全大運》十項鐵人王晨佑 打破高懸36年大會紀錄（自由時報）													
"
2022/05/11,"

							全大運／林昱堂跳出8M00完全沒想到破PB 世大運延期少比一屆 （ETtoday運動雲）															　[39] 

"
2022/05/11,"

							陳柏任全大運舉金3破全國（更生日報）													
"
2022/05/11,"

							大運會田徑十項 王晨佑創本世紀我最佳紀錄（中廣新聞網）													
"
2022/05/11,"

							全大運田徑／十項改寫古金水36年紀錄 王晨佑仍不滿意撐竿跳（聯合報）													
"
2022/05/11,"

							全大運田徑／帶著氣喘包雙金 蔡俊誠目標挑戰陳傑 （聯合報）															　[33] 

"
2022/05/11,"

							全大運田徑／破36年紀錄！王晨佑成最強鐵人（聯合報）													
"
2022/05/11,"

							長榮大學催生「零碳轉型聯盟」 邀台灣企業打群架促淨零排放！（經濟日報）													
"
2022/05/10,"

							全大運》破懸36年紀錄　王晨佑7655分寫我本世紀最佳(敢動傳媒)													
"
2022/05/10,"

							長榮大學 世界大學影響力排名 首次申請即進榜601-800名(TAISE台灣永續能源研究基金會)															　[38] 

"
2022/05/09,"

							日本文化祭開幕 六龜池田屋重現昔日風(奇摩新聞）													
"
2022/05/09,"

							長榮大學日本文化祭開幕 感受日本文化和精神(中華日報)													
"
2022/05/09,"

							3破全國！東京奧運國手陳柏任舉重102公斤級奪金完成連霸(自由時報)													
"
2022/05/09,"

							全大運》為去年世錦賽扳回顏面！ 東奧國手陳柏任發威三破全國紀錄(奇摩新聞)													
"
2022/05/09,"

							111全大運陳柏任男男子舉重102公斤級破全國(青年日報)													
"
2022/05/07,"

							六龜池田屋「日本文化祭」 日式建築文史重現(蕃新聞)													
"
2022/05/07,"

							長榮大學應日系進駐高雄六龜池田屋 開辦日本文化祭(聯合新聞網)													
"
2022/05/07,"

							六龜池田屋「日本文化祭」 日式建築文史重現(客家新聞)													
"
2022/05/07,"

							長榮大學在六龜池田屋舉辦日本文化祭 開幕式活力奔放(TNN數位台南地方新聞)													
"
2022/05/06,"

							體認愛鄉護水精神　長榮大學師生鐵馬溯源向八田與一致敬(sina新浪新聞)													
"
2022/05/05,"

							響應世界閱讀日 長榮大學辦借書送玫瑰花和書籤活動(奇摩新聞)													
"
2022/05/05,"

							全大運橄欖球錦標賽 長榮大學公開組7人制連霸（奇摩新聞）													
"
2022/05/03,"

							六龜池田屋 洋溢日本風(中華日報)															　[30] 

"
2022/05/01,"

							重拾歷史建築六龜池田屋記憶　長榮大學應日系舉辦日本文化祭活動（台灣好新聞）													
"
2022/05/01,"

							2022年THE Impact Rankings大學影響力排名揭曉 長榮大學進榜 排601-800名（TNN數位台南地方新聞）													
"
2022/04/30,"

							2022大學影響力排名 長榮大學名列601-800名辦學績效受肯定(奇摩新聞)													
"
2022/04/29,"

							2022世界大學影響力排名 長榮大學首次申請即進榜601-800名(經濟日報)													
"
2022/04/29,"

							了解咖啡社企創業 長榮大學國際生當1日店長收穫滿滿(奇摩新聞)													
"
2022/04/27,"

							20220427 顛覆傳統書畫格局 長榮大學開啟""謬誤世代""(佛光山人間衛視)													
"
2022/04/27,"

							大台南會展中心開幕 長榮大學學生擔任服務人員表現獲肯定(奇摩新聞)													
"
2022/04/26,"

							大目降故事館 呈現台南古早味風貌(PeoPo 公民新聞)													
"
2022/04/26,"

							長榮大學拼零碳轉型！ ISO 50001：2018能源管理系統EnMs全員完訓(經濟日報)													
"
2022/04/25,"

							代表台灣赴南極探索 長榮大學2位國際生收穫滿行囊(奇摩新聞)													
"
2022/04/25,"

							媒體素養白皮書座談會 台南唯一場次在長榮大學(PeoPo 公民新聞)													
"
2022/04/23,"

							【藝文潮】手鐘棒鐘台灣傳頌 陳膺惠至愛手鐘(TVBS新聞)													
"
2022/04/23,"

							長大國際生南極探索成果豐碩(奇摩新聞)													
"
2022/04/23,"

							手鐘棒鐘台灣傳頌 陳膺惠至愛手鐘(奇摩新聞)													
"
2022/04/22,"

							關注氣候變遷 長榮大學國際生代表台灣參與極地探索(聯合報)													
"
2022/04/20,"

							關注氣候變遷 長榮國際生探索南極(奇摩新聞)													
"
2022/04/20,"

							培育運動傳播人才 長榮大學團隊轉播全中運與全大運射箭賽況(奇摩新聞)													
"
2022/04/18,"

							長榮大傳思源日 凝聚系友們情誼(PeoPo 公民新聞)													
"
2022/04/16,"

							參與在地產業發展 長榮大學與農業局洽談產官學合作可能性(奇摩新聞)													
"
2022/04/12,"

							分享土地開發成果和願景 南市地政局長陳淑美受邀至長榮大學演講(奇摩新聞)													
"
2022/04/08,"

							長榮大學邀請地政局局長陳淑美 分享台南土地開發與永續發展(sina新浪新聞)													
"
2022/04/08,"

							大學校院系所評鑑　長榮大學全數通過教學品質獲肯定(蕃新聞)													
"
2022/04/08,"

							大學校院系所評鑑 長榮大學全數通過教學品質獲肯定(奇摩新聞)													
"
2022/04/06,"

							展現策展實戰力 長榮大學66位學生參與蘭展服務收穫滿滿(yahoo!新聞)													
"
2022/04/05,"

							瓜地馬拉大使蒞臨 建立台瓜基督教大學橋樑(蕃薯藤yamNews)													
"
2022/04/05,"

							展現策展實戰力　長榮大學66位學生參與蘭展服務收穫滿滿(sina新浪新聞)													
"
2022/04/03,"

							瓜地馬拉大使蒞臨 建立台瓜基督教大學橋樑(數位台南地方新聞)													
"
2022/03/30,"

							配合台灣國際蘭展　長榮大學以蘭花為主題辦師生美展(台灣好新聞)													
"
2022/03/28,"

							打造國際網球人才搖籃 盧彥勳與長榮大學簽合作備忘錄(自由時報)															　[42] 

"
2022/03/28,"

							培育網球人才 長榮大學與盧彥勳國際網球學院簽署合作備忘錄(台灣好新聞)													
"
2022/03/28,"

							長榮大學攜手盧彥勳國際網球學院 開啟網球育才新篇章(經濟日報)													
"
2022/03/26,"

							參與2022臺灣國際蘭展 長榮大學美展成果吸睛(Hinet生活誌)													
"
2022/03/26,"

							凝聚校友力量邁向國際　藝群集團王正坤當選長榮大學校友總會理事長(ETtoday新聞雲)													
"
2022/03/25,"

							就愛台灣人情味！在台南任教廿載　長榮大學日籍教授歸化我國(蘋果新聞網)													
"
2022/03/25,"

							臺南市大台南創新創業協會拜訪長榮大學管理學院 企二代中心 簽署MOU開設財務專班(sina新浪新聞)													
"
2022/03/25,"

							最愛濃厚人情味 長榮大學日籍教授成了道地台灣人(聯合新聞網)															　[38] 

"
2022/03/25,"

							臺南市大台南創新創業協會拜訪長榮大學管理學院 企二代中心 簽署MOU開設財務專班(yamNews)													
"
2022/03/25,"

							畢業季求職潮到 考試委員到長榮大學傳授應考策略(台灣好新聞)													
"
2022/03/24,"

							新亮點！ 長榮大學美術展藏身台灣國際蘭展(聯合新聞網)													
"
2022/03/24,"

							探索書畫市場需求　長榮大學美展展出52件作品(台灣好新聞)													
"
2022/03/24,"

							搭蘭展熱 長榮大學蘭花美展26日登場(中華日報)													
"
2022/03/23,"

							大台南創新創業協會訪長大管院、企二代中心 簽署MOU開財務專班(經濟日報)													
"
2022/03/22,"

							強化國際交流 長榮大學辦國際名人講堂邀日本達人宣講(yahoo!新聞)													
"
2022/03/14,"

							藝術家沈政乾師生工筆畫聯展 60多幅今起展出到4月30日(聯合新聞網)															　[57] 

"
2022/03/10,"

							長榮大學倡議地球永續 校友總會捐助學生南極探險計畫（經濟日報）															　[35] 

"
2022/03/10,"

							長榮大學校友總會捐款學生南極探險計畫 倡議地球永續(台灣民眾電子報)															　[34] 

"
2022/03/09,"

							長榮大學兩外籍生入選南極探索計畫 校方及各界捐款助成行（中華日報）															　[38] 

"
2022/03/09,"

							長榮大學生參加南極探險計畫 今獲校友會捐助經費（聯合報）															　[44] 

"
2022/03/09,"

							長榮大學兩外籍生入選南極探索計畫 校方及各界捐款助成行（中華新聞雲）															　[51] 

"
2022/03/08,"

							強化台日藝文交流　長榮大學與日本玉川大學辦國際交流展（台灣好新聞）													
"
2022/03/05,"

							分享災防科技經驗　國家災防中心主任陳宏宇應邀至長榮大學演講（台灣好新聞）															　[68] 

"
2022/03/03,"

							善盡大學社會責任 長榮大學結合社區共同完成友善雞場改造（奇摩新聞）													
"
2022/03/02,"

							共同守護美麗公園 巴克禮公園永續經營協會辦志工培訓（奇摩新聞）													
"
2022/02/26,"

							北斗夜市男子擺攤昏倒 熱心父女輪流CPR搶救撿回1命（Hinet 生活誌）													
"
2022/02/23,"

							天冷擺攤突昏倒！　鄰攤父女接力CPR搶命 （民視新聞網）													
"
2022/02/21,"

							強化台日交流 長榮大學與日本姊妹校辦線上研修課程（奇摩新聞）													
"
2022/02/15,"

							赴南極探險缺經費　長榮大學2位外籍生盼各界伸援手促成（台灣好新聞）															　[36] 

"
2022/02/12,"

							善盡大學社會責任 長榮大學彩繪台鐵沙崙支線橋墩獲好評（奇摩新聞）															　[42] 

"
2022/02/04,"

							氣候關注行動 長榮大學２生將赴南極（中華日報）															　[47] 

"
2022/02/04,"

							運動績優獨招 長榮大學運動競技系報名至2/18日（Ｈinet生活誌）															　[49] 

"
2022/02/04,"

							運動績優獨招　長榮大學運動競技系報名至2/18日（新浪新聞）															　[49] 

"
2022/01/31,"

							長榮大學境外生代表台灣極地探險 經費尚缺60萬（中央社）															　[41] 

"
2022/01/31,"

							長榮大學外籍生將代表台灣赴極地探險（奇摩新聞）													
"
2022/01/31,"

							長榮大學境外生代表台灣極地探險 經費尚缺60萬（新頭殼Ｎｅｗｔａｌｋ新聞）													
"
2021/12/24,"

							2021世界綠色大學評比 長榮大學首次進前百大（自由時報）															　[82] 

"
2021/12/23,"

							綠能被肯定 長榮大學首進前百大（聯合新聞網）															　[72] 

"
2021/12/22,"

							世界綠色大學評比 長榮大學首進百大（中時新聞網）															　[52] 

"
2021/12/20,"

							2021年世界綠色大學評比　長榮大學名列前百大（台灣好新聞）															　[61] 

"
2021/12/17,"

							2021世界綠色大學評比 長榮大學首次進前百大（蕃薯藤新聞）															　[49] 

"
2021/12/15,"

							守護河川有成獲肯定　長榮大學獲南市水環境守護志工隊優等獎（台灣好新聞）															　[56] 

"
2021/12/15,"

							110年國家專技人員地政士考試　長榮大學柳宗佑同學榮登榜首（台灣好新聞）															　[44] 

"
2021/12/13,"

							產學攜手孵育動漫人才 第三屆原創Vtuber角色設計競賽夯運動（新浪網）													
"
2021/12/13,"

							用音樂衝破疫情陰霾看見曙光 2021亞太管樂節台南隆重登場 長榮大學管樂團受邀演出（蕃薯藤）															　[39] 

"
2021/12/11,"

							低碳甜點、睡眠撲滿 大學新創成果周末在南美館登場（聯合新聞網）															　[31] 

"
2021/12/10,"

							氣候變遷淨零碳排　長榮大學朝綠能發展大步邁進（台灣好新聞）															　[46] 

"
2021/12/10,"

							氣候變遷淨零碳排 長榮大學朝綠能發展大步邁進（yahoo新聞）															　[38] 

"
2021/12/08,"

							大學新創成果與產品 12/11在臺南美術館與您相見（經濟日報															　[42] 

"
2021/11/28,"

							守護台南人文與生態 「根與芽動物嘉年華會」登場（yahoo新聞）													
"
2021/11/27,"

							根與芽動物嘉年華 六百多師生齊聚台南沙崙綠能示範場（聯合新聞網）															　[45] 

"
2021/11/27,"

							「2021根與芽動物嘉年華」今日登場 黃偉哲串連在地力量守護台南人文生態（市府新聞）													
"
2021/11/27,"

							2021根與芽計畫 「綠能生活”動”是TOP」推動綠能生活、打造永續生態城市（數位台南地方新聞）  													
"
2021/11/27,"

							2021根與芽計畫 「綠能生活”動”是TOP」推動綠能生活、打造永續生態城市！（台灣時報）													
"
2021/11/24,"

							仁德國中製作風力發電機 聯賽奪金（yahoo奇摩）													
"
2021/11/22,"

							沙崙風力能源競賽 圓滿落幕（工商時報）													
"
2021/11/22,"

							國稅局臺南分局舉辦「鏡看稅月 影領風華」微電影比賽成果豐碩（工商時報）													
"
2021/11/22,"

							國稅局臺南分局教育向下扎根 微電影秀成果（經濟日報）													
"
2021/11/21,"

							南區國稅局微電影頒獎 長榮大學雲端情緣奪首獎（yahoo新聞）													
"
2021/11/21,"

							長大風力能源聯賽 學子製風力機（中華日報）													
"
2021/11/20,"

							動手做風力發電機 「2021年Kid Wind 風力能源亞洲聯賽」50隊參賽（中時新聞網）													
"
2021/11/20,"

							長榮大學紮根能源教育 「2021年 KidWind 風力能源亞洲聯賽」沙崙綠能科技示範場域登場（台灣民眾電子報）													
"
2021/11/16,"

							長榮大學28周年校慶 主打國際化今辦感恩禮拜細說成果（聯合新聞網）													
"
2021/11/04,"

							前進50名 長榮大學2022年QS亞洲最佳大學排行持續進步（新浪網）															　[33] 

"
2021/11/02,"

							長榮大學攜馬來「美門殘障關懷基金會」助弱勢 打造在地「美門咖啡」（經濟日報）													
"
2021/11/02,"

							社企行動改變世界 長榮大學跨國扶弱（大紀元）													
"
2021/11/01,"

							2021國際社企節暨學校特色成果DEMO DAY《聚X續》 長榮大學秀產學量能（經濟日報）													
"
2021/10/28,"

							長榮大學結合研發團隊在地新農開辦「國際社企節」市集（聯合新聞網）													
"
2021/10/24,"

							屏東國策顧問楊四海告別禮拜 獲頒褒揚令（奇摩新聞）													
"
2021/10/23,"

							蔡總統親頒褒揚令 表彰前國策顧問楊四海對臺灣民主發展的貢獻（青年日報、奇摩新聞）													
"
2021/10/23,"

							前國策顧問楊四海過世 小英頒褒揚令（三立新聞網、奇摩新聞）													
"
2021/10/23,"

							前國策顧問楊四海追思告別禮拜　總統蔡英文親臨頒褒揚令（蘋果日報）													
"
2021/10/23,"

							蔡英文、蘇貞昌參加楊四海告別追思禮拜 頒發褒揚令（自由時報）													
"
2021/10/23,"

							長榮大學楊四海董事長追思告別禮拜　蔡英文總統頒發褒揚令（ETtoday）													
"
2021/10/23,"

							快新聞／民進黨創黨元老楊四海告別式　蔡英文親頒「褒揚令」（民視新聞）													
"
2021/10/23,"

							民進黨創黨元老楊四海告別式 總統親頒褒揚令（新頭殼Newtalk）													
"
2021/10/23,"

							前國策顧問楊四海告別禮拜 總統親頒褒揚令（中國時報）													
"
2021/10/04,"

							全大運》十項全能奪金 王晨佑進軍杭州亞運（自由時報）													
"
2021/10/04,"

							長榮大學虛實跨境媒體中心揭牌 產學攜手培育數位影視與動漫人才yamNews蕃新聞													
"
2021/10/04,"

							長榮大學推動國際產學媒合 啟動無人機新創計畫（經濟日報）													
"
2021/10/03,"

							全大運／雙腳抽筋錯過35年紀錄 王晨佑放眼亞運（聯合報）															　[48] 

"
2021/10/03,"

							全大運》東奧舉重國手再創佳績 陳柏任摘金並3破全國紀錄（自由時報）															　[75] 

"
2021/10/02,"

							化腐朽為神奇 工筆畫家沈政乾（大紀元）													
"
2021/10/02,"

							虛實跨境媒體中心 長榮大學設置（自由時報）															　[45] 

"
2021/10/02,"

							長大虛實跨境媒體中心 揭牌（中華日報）													
"
2021/10/01,"

							長榮大學成立虛實跨境媒體中心 培育數位影視動畫人才（聯合報）													
"
2021/10/01,"

							長榮大學虛實跨境媒體中心 培育數位影視與動漫人才（中國時報）													
"
2021/09/07,"

							長大運技系陳柏任東奧舉重第五名獲頒獎學金 備戰明年亞運奪金（經濟日報）													
"
2021/09/07,"

							東奧舉重陳柏任勇奪第五名 校方今頒發獎學金（聯合報）													
"
2021/08/31,"

							長榮大學辦學踏實追求卓越 110學年度招生率突破八成（經濟日報）													
"
2021/08/31,"

							達德允能風場 拚年底20座併網（工商時報）													
"
2021/08/31,"

							長榮大學、南台科大、中華醫事科大 開學後先行2週遠距教學（自由時報）															　[40] 

"
2021/08/30,"

							離岸風電搶才大戰 達德、長榮大學啟動產學合作（經濟日報）													
"
2021/08/30,"

							氣候變遷台灣綠能大搶才 達德與長榮大學拍板合作（自由時報）													
"
2021/08/30,"

							疫情凸顯風場開發缺才問題 達德能源結盟長榮大學補缺口（新浪網）													
"
2021/08/30,"

							疫情衝擊離岸風電 允能風場拚年底完成四分之一風機（新浪網）													
"
2021/08/30,"

							被疫情拖累 達德允能風場拚今年底20座風機併網（旺德富）													
"
2021/08/30,"

							離岸風電搶才大戰 達德、長榮大學啟動產學合作（聯合新聞網）													
"
2021/08/30,"

							疫情擾亂風場建設進度 達德：年底允能有1/4可順利併網（自由時報）															　[31] 

"
2021/08/30,"

							技師進不來離岸風電大延宕 能源商找國內人才（yahoo新聞）													
"
2021/08/30,"

							離岸風電場進度再延　能源商成本暴增40%經營不易（民視新聞網）													
"
2021/08/24,"

							用「命」去參與──台灣裁判童俊傑、楊素冠、張聰榮現身說法，暢談難忘東奧之旅（換日線）													
"
2021/08/24,"

							臺南嘉義2榮服處×長榮大學簽署合作備忘 共同促進就學就業（新浪網）													
"
2021/08/24,"

							嘉義、台南榮服處與長大合作 助退役官兵進修（自由時報）													
"
2021/08/13,"

							躋身全球前6％卓越商管學院 長榮大學不到5年做到了（中國時報）													
"
2021/08/13,"

							長榮大學通過AACSB國際認證 躋身全球前6％卓越商管學院（聯合報）													
"
2021/08/13,"

							通過AACSB國際認證 長榮大學管理學院晉升世界卓越商管學院（TNN台灣地方新聞）													
"
2021/08/13,"

							長榮大學通過AACSB國際認證 躋身全球前6％卓越商管學院（經濟日報）													
"
2021/08/07,"

							50元解決！長榮學生最愛炸雞蒜頭飯　每口都是療癒蒜香讓人吃不停（ET today旅遊雲）													
"
2021/08/06,"

							父早逝母扛家計養4子 家扶兩兄弟爭氣考上台大、長庚（聯合新聞網）													
"
2021/07/31,"

							舉重／陳柏任今晚出賽 偏鄉單親媽媽一路支持最偉大（聯合新聞網）													
"
2021/07/31,"

							舉重／陳柏任奪第5 媽媽想對他說「辛苦了媽媽永遠愛你」（聯合新聞網）													
"
2021/07/31,"

							東奧》陳柏任奧運首賽奪第5佳績 媽媽喊：辛苦了我愛你（中時新聞網）													
"
2021/07/29,"

							英雄惜英雄！東奧舉重賽女裁判楊素冠與冠軍郭婞淳相會（聯合新聞網）													
"
2021/07/28,"

							長榮大學敲慎行鐘 為指考生祈福考取理想學系（經濟日報）													
"
2021/07/28,"

							台南限定古早味「鹹香蒜頭飯」50元超大份！擺上整塊炸排骨CP值爆表（自由時報）															　[56] 

"
2021/07/09,"

							AIT與海委會合辦「台灣海洋青年論壇」 大學、高中組獲獎名單出爐（自由時報）													
"
2021/07/09,"

							用愛拚國考！英文原本一般般 她兩年考上移民官（聯合報）													
"
2021/07/04,"

							前雷公球星林郁捷翻轉人生 於長榮大學打造棒球農場體系且培育職棒新兵（運動新視界）													
"
2021/07/03,"

							《舉重》賀！男子高展宏、陳柏任確定遞補前進東京奧運（自由時報）															　[95] 

"
2021/06/13,"

							光明的描繪與總合 ─【深描彌賽亞】（聯合新聞網 / 亞洲藝術新聞）															　[41] 

"
2021/06/09,"

							2022QS大學排名 台灣25校上榜（今日新聞）															　[94] 

"
2021/05/24,"

							校園飲食選擇多 一探長榮學生最愛美食（peopo公民新聞）													
"
2021/05/16,"

							【疫情大爆炸】防群聚擴散！南部多所大專校院改線上教學（蘋果日報）													
"
2021/05/15,"

							疫情升溫 中華醫大、長榮大學改線上教學（經濟日報）													
"
2021/04/19,"

							南市府召開校安會報建構校安防護網絡 府校齊心照亮校園治安死角 打造安全宜居城市願景（（特急先鋒新聞網）													
"
2021/04/16,"

							長大研發UTM系統 監控無人機飛安（peopo公民新聞）													
"
2021/04/14,"

							只要1天大學就畢業了　永康西灣社區銀髮圓夢（台灣好新聞）													
"
2021/04/13,"

							南市社會局攜手永康西灣社區推動銀髮圓夢 體驗大學生活（勁報）													
"
2021/04/04,"

							長榮大學黑旋風 務農教英文露一手（中國時報）													
"
2021/04/04,"

							疫外吸引力 境外生不再清一色（中國時報）													
"
2021/03/30,"

							環教貼近市民 長榮大學「根與芽行動學堂」入駐巴克禮公園（經濟日報）													
"
2021/03/12,"

							藝群醫美集團總裁王正坤醫師　長大講授競爭優勢與企業網路知名度 （ETtoday新聞雲） 													
"
2021/03/02,"

							非洲大學生考上台大研究所　教會主日跪地以斯瓦希里語禱告獻唱令人動容  （基督教論壇報）													
"
2021/02/25,"

							疫情下求變 台南蘭農種香莢蘭尋商機（中國時報）													
"
2021/02/25,"

							疫情衝擊蘭花外銷 花農改種香莢蘭搶香料市場（寰宇新聞）													
"
2021/02/06,"

							HBL》場邊拖地正妹成「嬌」點 真面目曝光了（自由時報電子報）															　[103] 

"
2021/02/05,"

							提前體驗元宵節 長榮大學國際生彩繪燈籠（HiNet）													
"
2021/02/03,"

							台灣第一台 多功能 電動三輪車 即將誕生在台南（Hi Net）													
"
2021/01/29,"

							續推社區小旗艦計畫 社會處連辦2場說明會(金門日報)													
"
2021/01/29,"

							紀雲曜觀點：大社工業區石化廠遷入大林蒲新產業園區的不確定(風傳媒)													
"
2021/01/29,"

							長榮大學路燈變聰明了 有身份證和GPS定位（yahoo）													
"
2021/01/24,"

							長榮大學啟動國際校安認證(中華日報)													
"
2021/01/24,"

							營造安全與健康的校園 長榮大學舉辦國際安全學校認證啟動儀式(台灣民眾電子報)													
"
2021/01/24,"

							長榮大學IF論壇Part2/ 探討能源提供＆資安隱私技術發展(經濟日報)													
"
2021/01/23,"

							長榮大學國際安全學校認證1/23啟動 展現改變決心(經濟日報)													
"
2021/01/23,"

							營造安全與健康的校園 長榮大學舉辦國際安全學校認證啟動儀式(TNN台灣地方新聞)													
"
2021/01/23,"

							長榮大學申請國際安全學校認證 要營造安全健康校園(聯合新聞網)													
"
2021/01/23,"

							馬籍女大生命案後 長榮大學啟動國際安全學校認證(自由時報)													
"
2021/01/23,"

							長榮大學申請國際安全學校認證 要營造安全健康校園(聯合新聞網)													
"
2021/01/23,"

							長榮大學申請國際安全學校認證 盼化危機為轉機(中央通訊社)													
"
2021/01/23,"

							馬國女大生命案後3個月 長榮大學啟動爭取國際安全學校認證(中時新聞網)													
"
2021/01/21,"

							紀雲曜觀點：大社工業區降編案爭議─石化產業的用地窘境(風傳媒)													
"
2021/01/19,"

							台灣經濟發展前景　沈榮津：走向高階製造促進產業升級(台灣好新聞)													
"
2021/01/18,"

							安全學校認證啟動　長榮大學校園路燈有身份證了(台灣好新聞)													
"
2021/01/16,"

							2020虛擬網紅設計大賽　長榮大學5位學生獲獎(台灣好新聞)													
"
2021/01/14,"

							展現創意和實作力　長榮大學永續學程實習發表會熱絡(台灣好新聞)													
"
2021/01/08,"

							學習無國界　長榮大學7位印尼交換生順利結業(台灣好新聞)													
"
2021/01/06,"

							首次跨域展演　長榮大學於高市文化中心辦教授作品聯展(台灣好新聞)															　[51] 

"
2020/12/31,"

							同屬二仁溪流域結盟 6行政區偕長大 共推綠活圖月曆(中華日報)													
"
2020/12/31,"

							提供學生優質實習空間　長榮大學蘭花教學溫室啟用(台灣好新聞)													
"
2020/12/29,"

							長榮大學蘭花教學溫室揭牌(中華日報)													
"
2020/12/28,"

							長榮大學蘭花教學溫室啟用 校內實習成就學生就業力(經濟日報)													
"
2020/12/28,"

							長榮大學校園設蘭花教學溫室 學生校內實習強化就業力(聯合新聞網)															　[30] 

"
2020/12/27,"

							長榮EMBA暨企二代中心 在南一球場辦招生說明會(經濟日報)													
"
2020/12/24,"

							聖誕報佳音愛心關懷　長榮大學募集物資關懷弱勢家庭(台灣好新聞)													
"
2020/12/23,"

							長榮大學EMBA暨企二代中心輔導有成 嘉惠電力特頒感謝狀(經濟日報)													
"
2020/12/22,"

							無人機應用發展論壇　聚焦國防、救護、運輸、資安領域(DIGITIMES)													
"
2020/12/22,"

							培育未來AI產業人才　長榮大學開辦應用培訓班(台灣好新聞)													
"
2020/12/21,"

							南台灣書畫藝術交流展　10校86件作品展出(台灣好新聞)													
"
2020/12/20,"

							長榮大學建置校園安全及應變中心 目標國際安全社區與安全學校雙認證(TNN台灣地方新聞)													
"
2020/12/18,"

							世界綠色大學評比　長榮大學排名全台第13名(台灣好新聞)													
"
2020/12/17,"

							2021台灣海洋青年論壇 海委會與學子精彩對話(台灣新生報)													
"
2020/12/16,"

							海洋委員會攜美在台協會高雄分處　辦2021台灣海洋青年論壇(風傳媒)													
"
2020/12/16,"

							願景／2020退休力大調查：退休再念大學 成績單女兒簽(聯合新聞網)													
"
2020/12/16,"

							長榮大學美術系系展　展出作品多元豐富(台灣好新聞)															　[68] 

"
2020/12/15,"

							強化夜間巡守配備　長榮大學獲贈3部電動機車(台灣好新聞)													
"
2020/12/14,"

							高鐵台南站高齡長輩快閃秀　心態不老就會愈活愈年輕！(焦點傳媒)													
"
2020/12/10,"

							醫病療心 書寫創意解方(中時新聞網)													
"
2020/12/10,"

							長榮大學校園特色計畫成果 秀永續發展研究能量(經濟日報)													
"
2020/12/09,"

							企二代中心第二期招生 11/19報名起跑(經濟日報)													
"
2020/12/06,"

							長大推智慧安全資訊控制中心(中華日報)													
"
2020/12/05,"

							結合AI人工智慧　長榮大學打造安全健康並重智慧校園(ETtoday地方新聞)													
"
2020/12/05,"

							結合AI人工智慧 長榮大學要讓校園更安全(中時新聞網)													
"
2020/12/05,"

							推動國際產學合作　長榮大學將舉辦8場IF國際產學創新論壇(台灣好新聞)													
"
2020/12/05,"

							結合AI人工智慧 長榮大學要打造安全健康智慧校園(聯合新聞網)													
"
2020/12/05,"

							結合AI人工智慧 長榮大學打造安全與健康並重的智慧校園(TNN台灣地方新聞)													
"
2020/12/03,"

							長榮大學IF論壇 攜手EGI Capital建構國際產學鏈結平台(經濟日報)													
"
2020/12/03,"

							第二屆國家企業環保獎　長榮大學榮獲雙獎(台灣好新聞)													
"
2020/11/27,"

							聖誕點燈　長榮大學戰勝黑暗獲得重生與盼望(台灣好新聞)													
"
2020/11/25,"

							強化校園安全　長榮大學結合AI打造國際認證安全社區(台灣好新聞)													
"
2020/11/23,"

							無限追憶鍾同學　長榮大學與馬來西亞畢理學院共同辦追思會(台灣好新聞)													
"
2020/11/21,"

							2020根與芽動物嘉年華 長榮大學與二仁溪跨區聯盟合辦(聯合新聞網)													
"
2020/11/19,"

							提供校園安全學習環境　長榮大學啟動夜間留校等多項防護機制(台灣好新聞)													
"
2020/11/16,"

							天堂 思念 友誼 長大師生追思馬籍女大生(中華日報)													
"
2020/11/15,"

							懷念馬來西亞女大生 長榮大學今辦追思會(聯合新聞網)													
"
2020/11/15,"

							馬籍女大生命案》追思罹難者 也盼喚起對校園安全的重視(自由時報)													
"
2020/11/15,"

							國際靈長類動物學家珍古德視訊演說　探討環境永續發展(NOWnews 今日新聞)													
"
2020/11/15,"

							台灣防疫有成 珍古德博士視訊談後疫情的永續發展(自由時報)													
"
2020/11/14,"

							共構安全學習環境 長榮大學啟動夜間留校機制與增設「求助鈴」(ETtoday新聞雲)													
"
2020/11/13,"

							增進校安意識 長大辦關懷座談會(中華日報)													
"
2020/11/12,"

							增進師生安全意識　長榮大學舉辦各學院關懷座談會(台灣好新聞)													
"
2020/11/12,"

							增進校園安全意識 長榮大學連日舉辦師生關懷座談會(聯合新聞網)													
"
2020/11/11,"

							發揚珍古德保育精神 根與芽動物嘉年華獲二仁溪6區聯盟力挺(自由時報)													
"
2020/11/08,"

							長榮大學成立社區安全聯防機制(中華日報)													
"
2020/11/07,"

							攜手共創安全環境　長大籲請警政、社區鄰里協力邁向「安全社區國際認證」(ETtoday新聞雲)													
"
2020/11/06,"

							強化校園師生安全 長榮大學全校人手一支發防身警報器(聯合新聞網)													
"
2020/11/06,"

							長榮大學發放防身警報器(中華日報)													
"
2020/11/05,"

							強化教職員生安全，長榮大學發放防身警報器！(台灣時報)													
"
2020/11/05,"

							強化教職員生安全　長榮大學發放9000支防身警報器給師生(ETtoday新聞雲)													
"
2020/11/05,"

							通知校安、校外路燈報修 長榮大學「虎皮同學」再進化！( ETtoday新聞雲)													
"
2020/11/05,"

							南市勞局開辦AI領航－勞權職安新展望論壇即起報名(台灣新生報)													
"
2020/11/05,"

							強化全校師生安全 長榮大學發放防身警報器(自由時報)													
"
2020/11/04,"

							遇害女外籍生追思禮 家長：充滿感激(大紀元)													
"
2020/11/03,"

							被害女大生父親首度發聲：感謝學校讓女兒成爲很棒的人(聯合新聞網)													
"
2020/11/03,"

							追思會頒畢業證書 鍾女父母帶骨灰出席(NOWnews)													
"
2020/11/03,"

							愛女遭擄殺 鍾父淚別首發聲：謝謝學校讓她成為很棒的人(TVBS新聞網)													
"
2020/11/03,"

							一路好走！被害人後事圓滿 悲痛中見同學愛(自由時報)													
"
2020/11/03,"

							長榮大學追思禮 頒發畢業證書與活動紀錄(TNN台灣地方新聞)													
"
2020/11/03,"

							長榮大學追思禮 頒發畢業證書與活動紀錄(台灣時報)													
"
2020/11/02,"

							長榮大學舉辦白絲帶活動(台灣時報)													
"
